mu,lambda,sigma,nse_best
0.9490923239048458,2.209915608130935,0.010450264701562873,0.2744869488869486
0.9471831029367939,2.361410072243451,0.02566569056687359,0.2943170500206619
0.9476010267931276,2.2510248695924573,0.0019068695606211162,0.2702611313030209
0.9494758799344378,2.153151068208241,0.014764387120330914,0.26630350011133386
0.949595153870143,2.302993671729868,0.006936840757773988,0.2713280732944058
0.9489509927879415,2.2601112693351726,0.017565101153689467,0.28977956752052536
0.9487362698323865,2.2139692673001017,0.06308116627995838,0.2904580775587319
0.9497686035888799,2.2626218058003036,0.004505099719630645,0.27765209685601333
0.9476872235604736,2.061025862764111,4.9103322400601e-05,0.27184363117602417
0.947640570181446,2.1825507242034443,0.005585159182216005,0.27398348212472845
0.9499497923240368,2.149524144798179,0.016045151878629507,0.27570851858214185
0.9493349844814258,2.066228212120929,0.005879249759510064,0.2708496455583188
0.9439734288963417,2.5556409042121238,0.016909778364057573,0.31839291265695413
0.9478191519522459,2.1882871187664725,0.0006738334439380545,0.27432984037214025
0.9491521885012478,2.139524092072979,0.009155366699061319,0.2702195674557186
0.9467389780393826,2.0748260720935647,0.005072661952532609,0.26852954241431215
0.9486372314825838,2.0262712189862557,0.003456600329707116,0.269129325172332
0.9484852757819274,2.2044877526497078,0.006322849631551397,0.2816288789926795
0.949295696906026,2.240781322064715,0.007304089713853612,0.2772190913009206
0.9496315378849982,2.1995369308816763,0.021191772496931095,0.28072716376667506
0.9485876399345871,2.147210134347972,0.01179145263843,0.27689627071111356
0.9498550499374561,2.1985146463280616,0.011063532063614401,0.27298275891291657
0.9492084517596585,2.36238025820053,0.0037951073863954133,0.2697869898099743
0.9484743469685051,2.1532374498777394,0.0008186460828248255,0.27415904735584107
0.9437240289532445,2.1182901852728775,0.0039045438151751213,0.2598886538290599
0.940766754874373,2.376221007010848,0.01891664522116654,0.28660497657950623
0.9476960337764057,2.212594016372291,0.005448739585581908,0.2680464780723142
0.9485671275747867,2.1100969357612716,0.007669297542576292,0.2634803742814126
0.9499246340346412,2.2460535833320705,0.007262964077383572,0.28061751301178706
0.949872853536113,2.4233300408922824,0.057010763434694495,0.2972511272867151
0.9499507483054317,2.128563238088248,0.023595511960093997,0.2859112498862212
0.9485049057922276,2.288473291819436,0.00525312037047404,0.27336644395087684
0.9484210085072629,2.2010315133951552,0.016938754868063722,0.28100431391464453
0.9466500472984107,2.1743788020776478,0.001230448673373219,0.2724964068613783
0.949540977972202,2.1560955258526615,0.01479503537722986,0.26942588418484426
0.9484735584052343,2.1732082842176945,0.002025319128370884,0.2742043855791848
0.9493124308892725,2.1481903224709122,0.002554177167480831,0.271564450444589
0.9491750388905127,2.1615960356538872,0.002068670539852324,0.2738383424948936
0.9493616652472445,2.30443286486865,0.0066893221817398655,0.2764544108279351
0.9486982350115089,2.1216075057772836,0.003833474199600473,0.27117643578206596
0.9499232970472425,2.134549953962478,0.006695868821121376,0.26745189286588744
0.9437045852986458,2.173790692984888,0.0001969036326470497,0.26794585277155525
0.9499989350973421,2.1181706597742442,0.005749793561860828,0.27679570076040316
0.9480997124321399,2.3389779967544277,7.361473005500496e-05,0.2699713647827625
0.9486812433274033,2.146621162089403,0.02946601641522616,0.2787629759830569
0.9495202189942356,2.214907451355431,0.010944087196799757,0.27654394849894914
0.9487572049358171,2.1530685048375378,0.005223909075221933,0.27383309929285915
0.9472211008236326,2.0494308378164994,7.172508422375046e-05,0.2706375481231731
0.948500890054439,2.1528974343862193,0.005175606314232606,0.2749734536663261
0.9469631646610166,2.3428952170071526,0.0035447281199969096,0.2614869080951914
0.9480289718170906,2.1291990548204804,0.013645769521626938,0.2713715220171308
0.9499248220503995,2.204336739356821,0.007305867515152032,0.2748972388595151
0.9479888687173081,2.200674472174545,0.005468049938359032,0.2708163443345115
0.9458529172746762,2.1197467795576754,0.005840021848472832,0.27208771370314555
0.9479224122410581,2.1375706097175025,0.010467153883363035,0.2675180378858121
0.9498376237875652,2.459352989989819,0.02437889593684821,0.3268821995597455
0.945996977971719,2.192671981258166,0.003578276414547288,0.27119141595798446
0.9478142849237372,2.225034436681585,0.05674639875507023,0.2852009559368853
0.9478366893290167,2.031392020810172,0.006482272940662771,0.26326816483159854
0.9429215015011174,2.077757033139615,7.960940830745722e-05,0.26640367778906693
0.9451014257101515,2.2251936073720273,0.009064754403094167,0.27295666905075666
0.9493981876589702,2.3005380544563923,0.002589647120040273,0.2671811378947484
0.9496143761955557,2.3400677054936585,0.00018357406470584925,0.2725199906832725
0.9499786782256516,2.0130565976266843,0.0010274795547693838,0.2708989444383495
0.9440708545605033,2.3045493895470037,0.0014007948995255705,0.2622382591027411
0.9469085484478728,2.081445362883775,0.00242433945677657,0.26986147275783545
0.9491667690106392,2.0789651285080657,0.0033888301990782745,0.27168488755831566
0.9494328337711893,2.1563391071043774,0.00771728026253844,0.2770215244717489
0.9475968524798644,2.1726762030745244,0.0003219613396236665,0.27381003040024066
0.9494960802412292,2.2949783939322934,0.005169100858317355,0.2693397844419012
0.9474935772734681,2.073834134991987,0.0013572902584584657,0.26866869427473017
0.949976264121577,2.150048959168421,0.02053439165635771,0.2720887429632398
0.9451537978963513,2.1088176102885785,0.0005032888456638185,0.27014527616038386
0.9467785231465186,2.1781378578535455,0.005034264626946139,0.2720120215079699
0.9483616032266329,2.221200836360126,0.01428298922102439,0.28897599714516775
0.9495162029018284,2.109057538472928,0.0018580419625556345,0.27371251920284256
0.9499338542836901,2.2038161380086514,0.0030698271138016155,0.2818704444957252
0.9487820535673581,2.318177710234881,0.012590999602153775,0.2821949467045467
0.9497941110686371,2.338603213317711,0.0053986754721538025,0.26825364015201936
0.9486843682884938,2.2403241508410163,0.0007438102902831423,0.27478164960259155
0.948988335333832,2.317850805067462,0.006182560524782077,0.2728525596691532
0.9488359986530337,2.171806726432317,0.0051831362591076464,0.27625901006836384
0.9472028159407531,2.1264988148359363,0.005671610859809395,0.27247113191203964
0.9493132992355746,2.200752747620098,0.01134881003198991,0.2800930570106017
0.9498305388100255,2.318039230506977,0.0025330017828229857,0.27308262277222006
0.9473421368914139,2.2378073277168196,0.000371226093979582,0.2722620518643315
0.9498211221555073,2.328889931383408,0.01922865130963383,0.2797079897712069
0.9496979853068284,2.3265342420649704,0.040953943778865944,0.2957076129240238
0.9457114953255202,2.3518409275139747,0.06519529008292005,0.3117399179184315
0.949548032186047,2.3391485247064585,0.02369260339579815,0.28942035225685947
0.9489002497142816,2.076211862171907,0.0035606647827493457,0.27027089781664426
0.9494930931465015,2.096594295885207,0.02844811855387055,0.27406572975700627
0.9498928044237884,2.1334733338798015,0.004093745290527884,0.2732762315223122
0.9487827848157055,2.4075113354944007,0.03994901304939415,0.29598540516226923
0.9451149064861272,2.240933122297273,0.0009487003487442692,0.2687951819552937
0.9497045194156095,2.183948730613574,0.006505068140559934,0.2776916578169233
0.9468181003662599,2.167115854158726,0.004050635616714449,0.26929787028714913
0.9490945022235204,2.1195133798426284,0.001678442423910398,0.27774997509467914
0.9490585491987886,2.37737659034135,0.028332348627256056,0.2798779032619342
0.9468323662322358,2.1327869422288597,0.013349912200807092,0.2685109551447644
0.9480563501290894,2.0378694898501912,0.002739234942048807,0.2709569065614198
0.9463182688961165,2.0279884780710664,0.006384017330787662,0.2674350796856626
0.9486133189155341,2.165804625218711,0.011244759710952214,0.277316068638366
0.9494412207894165,2.1998017353417394,0.05715784475676375,0.2879634922894112
0.9473597090704005,2.1650562379499796,0.00126752879634936,0.27266028069299
0.9484927017677847,2.187309054503417,0.00997513105377086,0.2774282195285279
0.9479394216431681,2.1767035241907244,0.0013162431644549112,0.2749491771180914
0.94935628578454,2.298643645048341,0.0003222577866603849,0.27430903538375806
0.9492452108791654,2.0847278008686585,0.0018948769869940097,0.27162550191415236
0.9457064535990924,2.0600722314726956,0.00041429139436668374,0.2693095086499657
0.9484376720967804,2.177706635863328,0.000833095055664912,0.2752795048538761
0.9495275649605739,2.175419940958858,0.009376130674226402,0.27177665402900186
0.9437976983108748,2.427852699447324,0.003302650664661089,0.33774280670670653
0.9465329172727279,2.1148443920301143,0.001620547567324715,0.27182024530188487
0.9463398311744013,2.182192958818679,0.03166854393710239,0.27380091930398665
0.948227811501959,2.2055992060448624,0.0022309636031297097,0.2740459499574176
0.9489699740231876,2.1525055326270923,0.0025831131421617526,0.27617389178423957
0.9496190419546137,2.134799189144396,0.0005377270660193667,0.27608645495222806
0.944294526695215,2.045276547575579,0.0014094288603804907,0.26609029337138346
0.9493774989086053,2.308570486425645,0.0009817005458894524,0.27446082703872143
0.9499998908628117,2.1501747228973525,0.00651095537893166,0.2775390902144381
0.949432686279704,2.224547034949663,0.0006741571936088376,0.27621136439557215
0.9487486677600877,2.183561000097491,0.006559283780601288,0.2743188806789073
0.9482097079628078,2.3291499018719337,0.0015838655085746668,0.26926221372133663
0.9461984772911408,2.208022139622537,0.00432841363469817,0.26723526514594875
0.9494251309632908,2.329587251279599,0.005774164776433244,0.27229980811334575
0.9496353446916335,2.235157435624558,0.00759674397282103,0.27823612894557814
0.9486494015196595,2.2509436769337277,0.004232666284641906,0.2720965763018778
0.949924773756281,2.377811969842251,0.0006471119890059885,0.270661973895563
0.9491894219082182,2.5141002371650707,0.058251085186769413,0.288977959708837
0.9494631621950018,2.1786453641132053,0.006534758513112526,0.27402463151819934
0.9488512432912428,2.2568878409296413,0.027647816828234396,0.27852335058855027
0.9484430473288664,2.094697655717342,0.0019840729816819505,0.2737415260984002
0.9474986858990795,2.2781298953192013,0.0006632440653253192,0.2722274239085465
0.9483144959321428,2.1805655062242018,0.00972121316422414,0.2739137437807132
0.9478649264310407,2.1519449658601983,0.015410806438145587,0.2748061511085189
0.9493832457169586,2.329281570948986,0.021366827178524162,0.2938510791606197
0.9469227003836211,2.049834252497543,0.001820803163415552,0.2684662735587896
0.9492926242532373,2.181271675455351,0.01016573348301978,0.28132097186906146
0.9478716761634252,2.141160535284275,0.00154429225754803,0.2734472983277745
0.948183050485109,2.3218974319432713,0.017973502579987043,0.2879533819815555
0.9470193117710544,2.129105524047525,0.005751328400990208,0.26971675738636325
0.9496341037061913,2.269279936469246,0.008716983152708347,0.27288759368489945
0.9493013250920322,2.173128280576332,0.016014682505684576,0.27428779261435976
0.9479802635677378,2.2701978356754076,0.0017009262078269806,0.2723383179165296
0.9479277465328089,2.0710053508091497,0.0033787436862658727,0.26574312505640896
0.9469683937684825,2.2859112493177367,0.003535766829709397,0.26577631351068476
0.9473542286292446,2.1782506249655595,0.0049024835978957685,0.2726444218675269
0.9484734827389993,2.1097637580682487,0.0029071655078106388,0.2705210139417612
0.9497669023776142,2.342860090742154,0.01518380922828625,0.27931839403679837
0.9499011602535554,2.3312766038350867,0.011965016847555089,0.2822248257560731
0.9480518804206144,2.1103406903592647,0.00030063468537288034,0.27383985506568165
0.9491591835058641,2.1930748986383466,0.025940960841840912,0.27627100237658664
0.9468637322838724,2.0318643191916808,0.002951638294541803,0.26721510960686157
0.9495676384875505,2.191809364201062,0.0029691919291541247,0.2749163609073044
0.949419747754404,2.2230391048829627,0.0079404551287814,0.28335105224608126
0.9492286637273694,2.2257053725274405,0.003026995762188689,0.2756732594499639
0.9462409850062579,2.1321780279153826,0.0026366638693804735,0.2722352555370049
0.9490533067086884,2.0994249374640104,0.001379665181793788,0.2748664155431605
0.9420224049784431,2.1393397870297455,0.002184261906264495,0.2628851594101137
0.9487229273938778,2.0690079023877135,0.0010304428496084705,0.2733886506813088
0.9483758559826877,2.167224146604435,0.005515661910672665,0.2755447263372245
0.9498507468480752,2.438943770308197,0.0011738800419175523,0.2641223816018039
0.9496068460959424,2.1998395401140347,0.008610907195220863,0.2741923176168021
0.9463616909095376,2.102703463130054,0.0035098511719523274,0.26830879472233005
0.9498789404119322,2.199935625859249,0.008210681590979652,0.277074363141649
0.947768074400996,2.261170789779169,0.006589869699247564,0.2775964006505641
0.9478875305843977,2.0270383280722712,0.004218597725393647,0.2692956122685056
0.9404662872430903,2.037129523905491,0.001036851333568134,0.25468276886975827
0.9486718710265591,2.2558000680260353,0.0017329592308654496,0.2735491766140785
0.9488150935153297,2.183665270850015,0.004365307331357704,0.26454287397384657
0.9492910023922082,2.3349895190749104,0.004567437612102688,0.2693489552468852
0.9495919669421656,2.1965812714353405,0.008299026279163003,0.2748849851261894
0.9404035818895868,2.201891540633307,0.04467628431378348,0.25169170278295383
0.9496847334491132,2.226507381170633,0.030096699541465377,0.2861931204480248
0.9471881247731513,2.2658381089299144,0.04624125613750098,0.3090461243978857
0.9481324329100823,2.2160197007431472,0.006489853631433007,0.2705524582368921
0.9486655192365249,2.3093498027047774,0.01570683332919023,0.27600388161163947
0.9489569233923427,2.173506281286993,0.003751029276200979,0.27473546089830725
0.9487786265963185,2.2301574551075096,0.008006313319704961,0.2715783120348395
0.9486432178847239,2.171101833086739,0.006200722230691458,0.27677374473786454
0.9463076212557519,2.053899479257058,0.0010186351677214823,0.26921248069208437
0.9485993106460482,2.5925178486845537,0.09050199106694538,0.279841895570337
0.9475237696853029,2.2265394389396596,0.000783039256780882,0.2735689103780169
0.9480748872597142,2.2524526086178893,0.002058150807014414,0.25505422978992787
0.9436443709056639,2.237216907981133,0.005193884802434945,0.29346715575105053
0.9473260449387559,2.1850250104284377,0.009377482616121313,0.2691450571241377
0.9484821764280349,2.190780591872273,0.00902896666415305,0.2773419130998075
0.9492131298763006,2.181764603538278,0.011381324456642129,0.27476173873529686
0.9498303872416995,2.695818276417679,0.021834300967715315,0.3567931959497499
0.9493366196223068,2.2556896469668635,0.011147908303017373,0.27886470055521295
0.9475096223891141,2.2693018622791112,0.016155654045787594,0.26926151464068027
0.9441236839580028,2.1114855253086624,0.013096705074388582,0.2667180413056842
0.9487418941146251,2.362735194388842,0.003203410429883891,0.2687244334804293
0.9463585793788218,2.193119214863075,0.0043484765454073985,0.27084068276419215
0.9499124420410734,2.2161003520699962,0.0007872358621284214,0.27202625532864455
0.946199547303135,2.1776369745380357,0.0011789510604807152,0.27152082604760075
0.9485913889847248,2.072877684489858,0.007295370943787816,0.26596581101407224
0.94981916904778,2.1947620286463265,0.026167016109342512,0.2853933768208696
0.9470088035203235,2.3268603483138888,0.023185152279279,0.2927407484679655
0.949878746586053,2.1511256114104333,0.0049212573810559,0.25354390559373274
0.9474467613946405,2.1726667185548094,0.005358931536978551,0.2725843532477362
0.9485323605379081,2.1977902668548173,0.00695290909114461,0.27603676804365673
0.9492240385039836,2.295819086705696,0.0021720142474626726,0.27395256425655945
0.9440476593164218,2.1190933301902013,0.0038080670435862276,0.2619590568183714
0.9482046301007058,2.1824460447058205,0.002728617759075647,0.2738781477030422
0.9482656815000483,2.184956890628026,0.0020002256477120173,0.27602908255961534
0.9485475669569169,2.229634113667012,0.003230079360301119,0.2744950159407621
0.9459439928375549,2.031647525616983,0.0007910247222392309,0.2671265491366359
0.948062080935521,2.15488553372895,0.0015793699152919728,0.275652874239677
0.949805195117832,2.1794593219594387,0.010753357193697178,0.27241043396801423
0.9481564694943071,2.1623890864572815,0.0019994849232330305,0.2736711681569324
0.9419865143079795,2.0013829517959714,0.0013979998201487766,0.2621120380229487
0.9499876133406975,2.1514243104478883,0.013561765631657974,0.27531882075261915
0.9494775103543203,2.1935192591754977,0.0218332953436168,0.2826662303407842
0.9482668917990057,2.2226792502044637,0.0027357158599444877,0.27210281309262896
0.9496987922870219,2.2157039999896617,0.014418985642776072,0.27202783440178524
0.9452089397393809,2.1818118585606574,0.0053868768173780945,0.2709575539319876
0.945491322260751,2.188021066112281,0.0016194168007240273,0.27039378368338585
0.9462783431717035,2.355996762554698,0.03396466594845193,0.2900842135880978
0.9499491182985194,2.733015661547829,0.05238828237292015,0.3104820285110349
0.9492953786522818,2.146374456229961,0.028251637097586248,0.28168587291252933
0.9492370990135425,2.225747109321401,0.010395704028069287,0.2734217474190247
0.9490048077862866,2.2182746921314367,0.007699555101300515,0.2764841399851825
0.9498764000125681,2.387820841705975,0.06605425744663564,0.2719715854255075
0.949875151778115,2.2470316045942162,0.006886648739697044,0.27758199155111796
0.9477861580360065,2.0949256059064174,0.011483886132388134,0.2745920125419703
0.9497583155398805,2.2547528745927017,0.0005646511628127238,0.27243799049674533
0.9488165692234458,2.282211568673368,0.015318230663148392,0.27931321338094284
0.9483365673816968,2.3292877850889715,0.014579720315676293,0.29769536527892104
0.9423112772630453,2.075310095615094,0.002525882743480512,0.25557275748195596
0.948746465620367,2.260992327574343,0.009053357212572943,0.2708895174059327
0.9478525548793388,2.25939338376238,0.0016861028828187297,0.27334639437915
0.9494389121273029,2.0627147386297784,0.012272446620499856,0.27602519851487395
0.9486844957878219,2.066530774937403,0.017571905752183682,0.2746181238544255
0.9494439585120641,2.163173548914992,0.0021150711553961643,0.27629160107475814
0.948995703075239,2.0417221400752847,0.005031209986561747,0.2661656237801283
0.9462567766101049,2.525743858237333,0.011257057568351915,0.3580198185123762
0.9440597329090618,2.0485878821649917,0.00022499191100867623,0.2672046084043064
0.9459245186636337,2.160659101373971,0.004589993197954778,0.2721700938024467
0.946376294966493,2.1930618908406756,0.004221775972545305,0.2702609842344348
0.9471171321061727,2.294567685394832,0.00985383034278632,0.26305422433509806
0.9489721751494175,2.3509020609073508,0.003809606063010229,0.26518123528591997
0.9488448230687465,2.1970305415007534,0.02110078787551364,0.2867908042324394
0.949756507433559,2.244459825744601,0.007923600350907644,0.2782602080165626
0.9486312463952331,2.2668815766186476,0.010262968241228977,0.2778577418275514
0.9493289389213839,2.24101197266322,0.006990052675961245,0.2729320992010845
0.9484213536323924,2.170601490017124,0.005006145559191089,0.27458797055048356
0.9493248039879354,2.218634263917386,0.0050328914046446575,0.27633284518538737
0.9473783378474014,2.1803465909498607,0.005399171422606042,0.25831822225668544
0.9462757200149896,2.325074057798237,0.033935059894534346,0.2832520275640863
0.9468457394285866,2.159120340953269,0.010190603883134187,0.2716783764612559
0.9484074853579908,2.1403449205764584,0.0009291333109961997,0.2748378216963172
0.9495639824343056,2.3252283747496563,0.0003231275208939177,0.27350896163435057
0.9421822492304388,2.1428937489830076,0.0011365342241978493,0.2652202318318022
0.9499717395418276,2.132040141501445,0.011506992619846092,0.28568187144744994
0.9487733948846454,2.2010483080341556,0.0016227097062953334,0.2756833926146832
0.9491850028132083,2.106084758794802,0.006082596771825444,0.2735431861612415
0.9495622646983595,2.1810029458768723,0.021427043948825577,0.27920759606735135
0.9499414469801748,2.3361425860348723,0.0013179619679431044,0.27273789485914934
0.9497457342074539,2.1927457714597387,0.011833531298071454,0.27409060187629597
0.9409731737749409,2.1843902513221285,0.0031208751379690814,0.25819067138698004
0.9497057928613848,2.047703893079501,0.0011718607639708445,0.27237688897165746
0.9483853485515465,2.310253918552158,0.02372436217933295,0.29476072617607385
0.9472907354487985,2.1514740958919623,0.0007183594943391824,0.2737824193548557
0.9471998446127795,2.1503678001222544,0.0030884577184106202,0.2732433399460573
0.9485327244321897,2.2243889689796323,0.0016762432024849394,0.2735389204812053
0.9495034481014861,2.3812623841166256,0.04107292421107252,0.28546329033039775
0.9482695294685848,2.2558678287429696,0.00013127609397602935,0.27387211838540504
0.9485315428977741,2.105409477281373,0.0022451366994896806,0.2738269806235506
0.9488874127031158,2.2575661818713484,0.0005761542338415638,0.27477956664043424
0.9490606113265602,2.239410498652896,0.010125077567573549,0.27485886887752375
0.9497773114977818,2.213923272140706,0.0018285925446738128,0.27662926434546264
0.9468695257055495,2.325086784008335,0.003676503433677858,0.26997286700478074
0.9495550205543025,2.3334795668740456,0.004295192683876237,0.2649442441482839
0.949300331865899,2.1357738060650124,0.008153215580649853,0.2746184277423389
0.9499597433146727,2.1694492321345438,0.032882267336760675,0.28659736154474924
0.9495407226189168,2.170150605655128,0.00452681540004739,0.276947640432617
0.9491768930375402,2.095245637069093,0.003637008603461456,0.27332500184969777
0.9479919789309891,2.239486809092277,0.010461115779301079,0.27797918134012833
0.9492126094386311,2.2205945760763752,0.005323832718062971,0.2803803851312584
0.9498992133724589,2.37863714989574,0.04798235678388951,0.29679451040429294
0.9478847908265327,2.2709304703763897,0.0010103487230309406,0.2721290265916533
0.9489034251848603,2.2645445259105195,0.001815760900972796,0.274626236955978
0.9495078382864965,2.205715558777697,0.0038327577952971927,0.2718112714533433
0.9429974746139591,2.051164072884031,0.0004869424625705055,0.26533231879112884
0.9486505977879951,2.1065261801350514,0.0034470609633865945,0.273789164536584
0.9499557343129474,2.1761656910835954,0.0018188877203667575,0.27282316749363744
0.9497840010243801,2.1968953670080125,0.0017324203205858592,0.27626832329126527
0.949334818574828,2.165300591005654,0.008113125204998451,0.2794300786095132
0.9488855797877107,2.3583950737532042,0.007731075473539429,0.2698442512319764
0.9487737801967601,2.26107409553241,0.0005390161171943242,0.2732940092819618
0.9497989188360496,2.2094219161632087,0.006302309753313873,0.27605565803840004
0.949764223400386,2.2257005081594294,0.014288238252518116,0.29320295587658296
0.9496051149051713,2.236792769713825,0.018148550344564574,0.26667378546405895
0.9497312509948893,2.186436420379641,0.015918438710509398,0.2907325829366354
0.9494726627295239,2.185145705625943,0.012540842104617957,0.27437394382236047
0.9485488512737208,2.028362443672621,0.001067562226304919,0.2694110878918786
0.9483280043003378,2.1784668559773053,0.0019504447378535961,0.273620162413059
0.9499612214977793,2.2997583910642643,0.038037870361635966,0.29010918627717386
0.9493177210780532,2.2330782293149407,0.0008722830216858047,0.2629675155337171
0.9492669082762061,2.1407788867461828,0.0028157344991360245,0.2753238674962458
0.9481462467508487,2.4157480804533695,0.014108313978698862,0.29447052687533504
0.9471511531965802,2.0686029804238166,0.0007258770894171374,0.27109691069481767
0.9498882135534856,2.1557457824140327,0.003938052736322162,0.2726645200193618
0.9484390561228753,2.518829838977568,0.021152240070781394,0.3559331158872895
0.9474622275616846,2.070276161749555,0.002131409782533822,0.27015121714210655
0.9481300191661788,2.1546981649887984,0.002653117800944793,0.27154259236113576
0.9494466761279997,2.231561462519089,0.017785037995174613,0.2821142582707086
0.9493838213374288,2.0850815210336897,0.010783838876478536,0.2800927467510488
0.9491706631002841,2.1983413775113596,0.00037610711824687115,0.27575395891771437
0.9496073033562556,2.3817787692392196,0.0008955219664210202,0.27013990211022354
0.9488242112608334,2.3152869058373264,0.005066267739908915,0.27475152164733674
0.9497210822768799,2.0651435963677196,0.008544128931591987,0.27517710403619733
0.9497464017115667,2.362449990997253,0.0328674056667001,0.28256856172595546
0.9492647782487942,2.293878956118084,0.005214978610909438,0.26878906402322544
0.9491268264543531,2.147571425831967,0.001773222309381073,0.2743966399475618
0.9467650405544438,2.1960553409769914,0.00415345971053348,0.2708052834894149
0.947607010032103,2.1772666496023128,0.000392279026439224,0.27399082560808996
0.9490738724696411,2.1941820221087815,0.001753128215707389,0.2754827169642562
0.949581991470668,2.254236097481594,0.0050520871349692305,0.2733404406154777
0.9495616911042113,2.274265969379221,0.009023239485982704,0.2765447639065999
0.9487440850650635,2.251357076252284,0.005420076240908511,0.27270322324558327
0.949993936843029,2.3060470515439304,0.0007285150616292536,0.27505844678402336
0.9499428938668344,2.149785694874618,0.02067476092875553,0.28195856401748765
0.9490700861076864,2.3566495682200888,0.0047239171811938934,0.2708081760661739
0.9496516590449062,2.2301009871646214,0.002783242098158079,0.275145563678206
0.9487567954086559,2.1571428396801333,0.0029404901072419445,0.2748643122907727
0.9495881631963494,2.165153739196555,0.0039232392919861915,0.26962644611406805
0.9495806494835493,2.1767081188511743,0.00038286523617567795,0.27688971597779166
0.9492295582755429,2.261866894026282,0.0035115430557957185,0.27535890139914543
0.9402678133002442,2.246615034357201,0.000950155586757695,0.2847328859506183
0.9454142156368313,2.3432197683766214,0.0009529269820858666,0.2634215359567018
0.9483554314696776,2.2076814065924717,0.0038758067146697495,0.2739821675201628
0.9490923505978148,2.2240185121945975,0.04734663749014576,0.2829668718038625
0.9492489929244833,2.235737225918495,0.013136261980394283,0.2734597571917934
0.949190616715017,2.135412967206926,0.006301472787911578,0.2738096348031277
0.9496338604862622,2.3054260503617234,0.004249975744844115,0.29194474010890903
0.949058338129049,2.241428245584248,0.010145046367663092,0.28687297129726197
0.9472106374273106,2.144802597405687,0.004672905866381727,0.29789582130362746
0.9487462401825495,2.3103027097552102,2.9125254227080346e-05,0.2727193905956029
0.9477853833994061,2.224738815914774,0.0010580770449307943,0.2727142278611776
0.9488313064187079,2.2433589196912664,0.007221994267832654,0.2793296566151495
0.9477606128806318,2.2328509292518763,0.0022317495144408284,0.27045423677898284
0.9488925273130877,2.1603838978706795,0.029161319062749637,0.2897430298691611
0.9499212563327482,2.286256985117123,0.003979392167777452,0.2515826603858866
0.9497421701711145,2.511997016292837,0.04068153442605708,0.29482865246478396
0.9482918513971091,2.150712141709245,0.000415347840541358,0.2747339202183684
0.9444927190480532,2.2213968392393246,0.0001752617279410229,0.26859888779380947
0.9499940109931104,2.1390515581356127,0.022269008121264946,0.2724865799654964
0.9498292258907524,2.224569132941595,0.001312126983568629,0.2754620390936916
0.9492545887090873,2.0831197074335863,0.002654715571488298,0.2739185589443146
0.9489250238269982,2.282598629930026,0.0001600349998967188,0.27394058830061463
0.9498803713700472,2.2429174200399515,0.0015244733393925181,0.27705116064394253
0.947993127951917,2.0263081467177937,0.0020632655791927856,0.2685849983207068
0.9499630007202529,2.158894166969528,0.002990531300599442,0.27723953185369954
0.949501894622718,2.145974824996223,0.012336717145850863,0.2811659664214249
0.9467469537468222,2.093074581228013,0.002472643731205759,0.2655510954715895
0.9475344055187175,2.0364564920276575,0.005935680331563909,0.2705089207819177
0.9483495414761427,2.1408047323008206,0.0032426858131623716,0.27291499244760387
0.9487278683902715,2.058767854971534,7.022400833844867e-06,0.272875479822831
0.9496621939226613,2.2864133375076414,0.009169264457453419,0.2794798291216548
0.9495105874629683,2.1191538969594848,0.006164811936915315,0.27294270263555165
0.9490374066988628,2.1165581045122064,0.0016160620187162134,0.27551105987606384
0.948414759885731,2.1567226570355555,0.03018685564803171,0.2793874382532242
0.9467916422361993,2.2725641611513145,0.005698416932702799,0.2697975363317221
0.9494626649959144,2.1660505596104302,0.01740472005982714,0.28242915229024546
0.9494103808488908,2.09537678281574,0.0014972814233032206,0.27318405955731373
0.9486196180489168,2.253866925352371,0.015311634969066857,0.2826100334920568
0.9467308566289873,2.2330847176400566,0.004081248716540253,0.26557654429230404
0.949128200592249,2.1425424537023785,0.0011685012983107868,0.27562579925646213
0.9481653043289001,2.228632307124402,5.4990951437383645e-05,0.27440290442842663
0.9420303667500758,2.1782986193385785,0.005035742430639878,0.26196506447115664
0.9494769042890195,2.086674352707331,0.0060962154166114505,0.2703189585572301
0.9493354976848603,2.2965455595191444,0.014292371428633266,0.2666166749063448
0.9492747617810753,2.2834624609937695,0.02132850671822255,0.2930471608638562
0.9483212862264102,2.2987059508382472,0.00032287222446351075,0.2725609943727606
0.9489930163391231,2.2447385035819036,0.0047104339866255625,0.27315093202646545
0.9498527900652389,2.0571721431504453,0.009552713505597554,0.27439563259955657
0.94865446941901,2.2719803948533714,0.0037312886107938262,0.27392682961079573
0.9483452855878773,2.184804302560711,0.010469223339940626,0.2701991477602954
0.9481925032595162,2.2237614654686784,0.008885417188680633,0.27330056115803936
0.9488035549323788,2.266206083585738,0.02041206659874948,0.3034789151546533
0.9481439065400666,2.187929756615602,0.012908955780745125,0.27995625288819914
0.9480989284227511,2.271264410951469,0.0005422667181734009,0.27254634778270426
0.9493319907614309,2.0393368112204473,0.0024889675528695144,0.2639776684496854
0.9494887820555413,2.129797661016545,0.00377954967722699,0.2786466114382836
0.949832953218194,2.282722082943853,0.0017280899704161358,0.26984969883962506
0.9499268653202704,2.124382287662005,0.0007679870583681137,0.2762217477085168
0.9490976629909746,2.2352653563659097,0.027421552001650397,0.2767528134562538
0.9493743469593515,2.2134851447109276,0.0016808861590101865,0.27637867792900495
0.9497112306366631,2.4234479117810657,0.09226014996152015,0.30576782608931885
0.9498598988282987,2.1753817039329997,0.004290788651318711,0.27788037213074934
0.9497456923875947,2.3627087790560988,0.006314233454011997,0.26536599175588216
0.9497752707610502,2.2533005831339037,0.002794130205628398,0.2752897719748839
0.9492179469743725,2.6675163301752938,0.026246469687163678,0.3205346605615056
0.9484303493956912,2.3081089431537007,0.005711820631700371,0.2662881647548906
0.9496275098859979,2.0611908431144452,0.005516533461081419,0.27101126704329415
0.9497094513833868,2.2284340315534426,0.05776801036268604,0.2815927637782144
0.9499685515625738,2.2914911604997985,0.010879479312314089,0.2885321375138955
0.9492600447248083,2.2420369412918695,0.01677106383015824,0.27791526672949185
0.9459501368579981,2.0238253182971393,0.00045796748704324264,0.26779111620211427
0.9477829992671638,2.001005349476576,0.01405330234202462,0.27905201031776805
0.9493632700393783,2.14986704263258,0.012270502825149965,0.26847678403004094
0.949985148702426,2.221276093052289,0.014713391329510873,0.27667860173707637
0.9497405101279492,2.201878680996388,0.011438800450650911,0.270509511836019
0.9494310115549611,2.2560904192461093,0.0037869002682701216,0.27547055425788414
0.9495397476382937,2.189849145274662,0.0033768148838331682,0.2744609149089623
0.948926360033973,2.2832542221937597,0.004305149582080214,0.27124151407084973
0.9444063625049596,2.1728883254577656,0.0014368810349666861,0.2649431475034406
0.9447714206268123,2.0760631087191825,0.0013328667026782594,0.2636556196017412
0.9495209145163926,2.171454679567474,0.026391713809996033,0.28127970760230847
0.949778283039191,2.193124084520557,0.01233910514356057,0.27528841662216386
0.9485402428231713,2.2108391137631296,0.007788653923827205,0.28046677212185867
0.9495068628728903,2.2072109240307802,0.009199716274880188,0.28030963860550695
0.9495099550413899,2.145282034601094,0.009085419986430665,0.26978603191051675
0.9471002137181834,2.1839579883863753,0.0017246607009625992,0.27257430414267503
0.9466703619120895,2.2479041119605685,0.0007206737856120471,0.26880062737063726
0.9488226329707985,2.2945186437524243,0.0011498438673033019,0.27290812496757977
0.9438807439712906,2.183178273155263,0.00197515691323783,0.2673452822063105
0.9493780390659818,2.208420868868304,0.017642076171219045,0.2780632070985908
0.9484970637229864,2.8154692698150363,0.008375210187189886,0.32450607710499013
0.9477047147735324,2.070975558297944,0.00482720209707328,0.27372226118367526
0.9453926694247221,2.095126167765495,0.0004336606820724454,0.2702237858095837
0.9497865540138057,2.284763799607233,0.007175718713158075,0.27645270645643705
0.9441043577578887,2.032112414450089,0.006545061093169469,0.2657048943529077
0.9464401576944141,2.070660590346568,0.0038607836724007805,0.2671115774629137
0.9493030003100995,2.1580386797949305,0.014205723734517273,0.28298835290175606
0.9470808799741228,2.100898293366901,0.001570311056585827,0.2517609305915368
0.9497990689129776,2.195097950766791,0.007884978779167995,0.2733319909428906
0.9489490754894653,2.238177571778039,0.0025399296416434795,0.27509109870465687
0.9447093819587495,2.1872157828279026,0.0039275807878384255,0.25538464738989075
0.948155862808156,2.1190337935858006,0.029701975964302043,0.2733654546999491
0.9487524648535487,2.5374926347618727,0.052309967726730966,0.30657729352204643
0.9483308645482214,2.10688831530288,0.006377839775312722,0.26555396485116134
0.9497141609103857,2.098861013987117,0.00948313076609394,0.27497677700028245
0.9485500518267107,2.182471674390801,0.005457718162677394,0.27295120526173433
0.9496793406971571,2.3588168724790135,0.0056968646352066115,0.27587688785218945
0.9437990532034517,2.0100375498934393,0.0014743803848686233,0.255936157392304
0.9464070087564381,2.106500828839002,0.003690564203015756,0.26715374284058935
0.947689867560757,2.1858437534951105,0.0338183466987646,0.28871006929722054
0.943787594267671,2.153646604889838,0.0036151933854356444,0.2653108916614907
0.9497550337330097,2.2402230585253147,0.007530101887166152,0.27711540403492885
0.9452242148863025,2.21183559722292,0.0008726776428445882,0.2696773839793495
0.9491941486033522,2.2174299370663175,0.003675724998160446,0.27729607950335755
0.9493404857450114,2.1220388496941296,0.0008431546241430721,0.2746470510847535
0.9482158486317143,2.2102710964366157,0.004153410806164637,0.26988588142777914
0.9435249721937362,2.039400578993384,0.002589615756734609,0.26240278314278587
0.946092317494382,2.153022877555785,0.0027869674714804506,0.2713067025076642
0.9479238830238719,2.4437165926535527,0.026446486089924528,0.32942855569187246
0.9492738310894583,2.1799796189960716,0.026884921331124568,0.28142036574726004
0.9474291804360636,2.2054375048499613,0.0017108107777141892,0.27164630496983866
0.9466097082456304,2.1411974296011995,0.00746738820913756,0.27201240292882023
0.9479420732662848,2.3470141859521005,0.0028088078008175255,0.2678136004545639
0.9499637185366476,2.2855766138772378,0.008568453023169498,0.26975663694840635
0.946186592892736,2.2452433498066373,0.00017868964656974075,0.27074108618166703
0.9491392753863599,2.0747918908421914,0.0032819162862438357,0.27359423195537746
0.9480963341973225,2.6787518330506694,0.024995047178195243,0.30971365023116615
0.9469583051943213,2.088633843418406,0.005149180431365474,0.2673571467839553
0.9494703203764033,2.260092934905782,0.009096064070155086,0.27954234424790025
0.9488284817076564,2.149833129593605,0.0033698226102235832,0.2746912281095385
0.9470858084543008,2.104624291026893,0.0017700239223561677,0.27205323021159156
0.9481659741937959,2.1567257711388885,0.0021409000411664048,0.27201360658488594
0.9468971128253237,2.1032717700199175,0.012470910197996022,0.2665154326614114
0.9480948721927105,2.2116008148663577,0.007978747709766342,0.2656368935582355
0.9487258675943069,2.0988527026228643,0.011584743518162655,0.2700214977755425
0.9490222866096617,2.1126490910841067,0.0020899067269176674,0.2749229907506556
0.9489887249895425,2.2379376633272474,0.013634813306776206,0.275845049921172
0.9456494554010553,2.148094030193137,0.008688202275071721,0.2693320314733063
0.9483304819079218,2.2153465273421418,0.005924172045713405,0.27655257825091684
0.9455837568650931,2.135007872197819,0.0022165786667186715,0.2686224809450154
0.9499960706696744,2.3302735627098867,0.01704565906672556,0.2924126618778412
0.9495095491758174,2.1260010110027436,0.0031770452099558755,0.2702356945217682
0.9489027565209003,2.075120520252804,0.010063951487282785,0.2743233207583917
0.9480320518171231,2.1569168979269717,0.0033337359942766432,0.27053661317395405
0.9499551494257276,2.170727227370948,0.009941915083886789,0.2788664943474186
0.949443867572997,2.2561140020311745,0.014117587140578026,0.2706380997175769
0.9464407688379296,2.0650531840101545,0.0031858209139347783,0.26987934864735463
0.9487923017132602,2.110673584635931,0.014602131302702293,0.2745700058328183
0.9492254328952956,2.534617425019369,0.07034109952582532,0.30236755089173173
0.9482609980275924,2.171624520056535,0.003864091905281486,0.2738726225427338
0.9419959369964498,2.0032212419225024,0.0011704970846042162,0.2570730360961144
0.9457313675102136,2.2020767635023315,0.002862970209132787,0.27120526672809875
0.948339761717444,2.159693404010659,0.0037372459343564704,0.2746876559240775
0.9497003542771105,2.18637840433091,0.0019606652098435153,0.2771375346902333
0.9497532846650831,2.343212748132321,0.009383182793343837,0.2823499304366097
0.9434948402127399,2.139004333320707,2.6270575272713262e-06,0.2682252778410491
0.9490740242267912,2.1098454659488164,0.00992198452888442,0.2710955261343089
0.9494663511605271,2.3295332242567754,0.00022664431736987292,0.2731149591932297
0.9484933520381065,2.069771841779669,0.00224642066030174,0.2709456053846867
0.9470031323984722,2.1896319188383844,0.003700391158245786,0.26680289755758924
0.9473644906035086,2.1004365325909706,0.008475707760620167,0.26884300996091337
0.9417435738150775,2.1771316907771614,7.911960515383232e-05,0.2639694471104256
0.9479875578125956,2.1933517291863778,0.005303970339928477,0.27372653977437544
0.9480530530355258,2.2800203508263737,0.0018655061483926483,0.2718355033525709
0.9495253330842062,2.1538603868517474,0.0015547647328433278,0.2758557642861025
0.9483541467938388,2.170320289399704,0.006736212234961803,0.26809490697258787
0.9494767578761226,2.3064353056049884,0.033289671011703395,0.28321763219325713
0.9496222466665213,2.267244246169321,0.033206826198642785,0.2929660526738661
0.9467719325371229,2.187275087380672,0.0021399869226378376,0.27314830940119095
